{
  "config_f_ablation": {
    "A_TQ_3bit": {
      "mean": 0.8442779799799124,
      "std": 0.22026104614693184,
      "n": 300
    },
    "B_SpectralRot_noQJL": {
      "mean": 0.8615142812828223,
      "std": 0.2123137640112524,
      "n": 300
    },
    "F_RandomRot_selQJL": {
      "mean": 0.8638314703603586,
      "std": 0.19530454408279577,
      "n": 300
    },
    "G_RandomRot_noQJL": {
      "mean": 0.8741196771462758,
      "std": 0.19860220178686167,
      "n": 300
    }
  },
  "perplexity": {
    "fp16_ppl": 15.73622850901155
  },
  "confidence_intervals": {
    "tq_mean": 0.8424699263109101,
    "tq_std": 0.0040374963252687475,
    "tq_per_seed": [
      0.8470075619220734,
      0.8371995318929354,
      0.8432026851177216
    ],
    "sq_mean": 0.8625198729832967,
    "sq_std": 0.0013474298859157856,
    "sq_per_seed": [
      0.864352043569088,
      0.8620573449134826,
      0.8611502304673195
    ],
    "delta_mean": 0.020049946672386576,
    "delta_std": 0.004256400342310116,
    "seeds": [
      42,
      123,
      7
    ]
  }
}