{
  "Qwen2.5-1.5B-Instruct": {
    "2": {
      "cos_sim_mean": 0.8532460641860962,
      "cos_sim_std": 0.21020601188904603,
      "compression_ratio": 7.288256227758007,
      "n": 150
    },
    "4": {
      "cos_sim_mean": 0.853435419400533,
      "cos_sim_std": 0.21035646313030587,
      "compression_ratio": 7.26241134751773,
      "n": 150
    },
    "8": {
      "cos_sim_mean": 0.8563300691048304,
      "cos_sim_std": 0.2116321517327422,
      "compression_ratio": 7.211267605633803,
      "n": 150
    },
    "16": {
      "cos_sim_mean": 0.85680004576842,
      "cos_sim_std": 0.2115186317132283,
      "compression_ratio": 7.111111111111111,
      "n": 150
    },
    "32": {
      "cos_sim_mean": 0.857666820983092,
      "cos_sim_std": 0.2111942542172725,
      "compression_ratio": 6.918918918918919,
      "n": 150
    }
  }
}