{
  "model": "Qwen/Qwen2.5-1.5B-Instruct",
  "dataset": "wikitext-2-raw-v1",
  "max_length": 2048,
  "stride": 128,
  "results": {
    "fp16": {
      "ppl": 70667.99284581884,
      "time_s": 2.1242623329162598
    },
    "tq": {
      "ppl": 70667.99284581884,
      "time_s": 0.46486663818359375
    },
    "sq": {
      "ppl": 70667.99284581884,
      "time_s": 0.47097015380859375
    }
  }
}