{
  "model": "Qwen/Qwen2.5-7B-Instruct",
  "quick_mode": true,
  "n_calib": 30,
  "mean_d_eff": 4,
  "longbench": {
    "narrativeqa": {
      "metric": "f1",
      "fp16": {
        "mean": 0.0496969696969697,
        "n": 5,
        "scores": [
          0.18181818181818182,
          0.0,
          0.0,
          0.06666666666666667,
          0.0
        ]
      },
      "tq": {
        "mean": 0.044041520812393854,
        "n": 5,
        "scores": [
          0.046511627906976744,
          0.03278688524590165,
          0.0,
          0.0909090909090909,
          0.049999999999999996
        ]
      },
      "sq": {
        "mean": 0.03765312701482914,
        "n": 5,
        "scores": [
          0.0,
          0.0,
          0.0,
          0.1276595744680851,
          0.0606060606060606
        ]
      }
    },
    "qasper": {
      "metric": "f1",
      "fp16": {
        "mean": 0.0163265306122449,
        "n": 5,
        "scores": [
          0.0,
          0.0,
          0.0,
          0.0816326530612245,
          0.0
        ]
      },
      "tq": {
        "mean": 0.04673981261344173,
        "n": 5,
        "scores": [
          0.0,
          0.10169491525423728,
          0.06153846153846154,
          0.0392156862745098,
          0.03125
        ]
      },
      "sq": {
        "mean": 0.07172131157523398,
        "n": 5,
        "scores": [
          0.07692307692307693,
          0.06779661016949153,
          0.08,
          0.0851063829787234,
          0.048780487804878044
        ]
      }
    },
    "hotpotqa": {
      "metric": "f1",
      "fp16": {
        "mean": 0.0,
        "n": 5,
        "scores": [
          0.0,
          0.0,
          0.0,
          0.0,
          0.0
        ]
      },
      "tq": {
        "mean": 0.0,
        "n": 5,
        "scores": [
          0.0,
          0.0,
          0.0,
          0.0,
          0.0
        ]
      },
      "sq": {
        "mean": 0.0,
        "n": 5,
        "scores": [
          0.0,
          0.0,
          0.0,
          0.0,
          0.0
        ]
      }
    },
    "gov_report": {
      "metric": "rouge_l",
      "fp16": {
        "mean": 0.04628013044699538,
        "n": 5,
        "scores": [
          0.07835820895522388,
          0.01107011070110701,
          0.05705229793977812,
          0.049459041731066467,
          0.03546099290780142
        ]
      },
      "tq": {
        "mean": 0.06891915447377374,
        "n": 5,
        "scores": [
          0.05233644859813085,
          0.04278074866310161,
          0.103125,
          0.07022900763358779,
          0.07612456747404844
        ]
      },
      "sq": {
        "mean": 0.0640187193685297,
        "n": 5,
        "scores": [
          0.05468750000000001,
          0.022099447513812154,
          0.10142630744849446,
          0.07692307692307693,
          0.06495726495726496
        ]
      }
    },
    "trec": {
      "metric": "exact",
      "fp16": {
        "mean": 0.0,
        "n": 5,
        "scores": [
          0.0,
          0.0,
          0.0,
          0.0,
          0.0
        ]
      },
      "tq": {
        "mean": 0.0,
        "n": 5,
        "scores": [
          0.0,
          0.0,
          0.0,
          0.0,
          0.0
        ]
      },
      "sq": {
        "mean": 0.0,
        "n": 5,
        "scores": [
          0.0,
          0.0,
          0.0,
          0.0,
          0.0
        ]
      }
    },
    "triviaqa": {
      "metric": "f1",
      "fp16": {
        "mean": 0.0,
        "n": 5,
        "scores": [
          0.0,
          0.0,
          0.0,
          0.0,
          0.0
        ]
      },
      "tq": {
        "mean": 0.018604651162790694,
        "n": 5,
        "scores": [
          0.09302325581395347,
          0.0,
          0.0,
          0.0,
          0.0
        ]
      },
      "sq": {
        "mean": 0.01719298245614035,
        "n": 5,
        "scores": [
          0.03333333333333333,
          0.05263157894736842,
          0.0,
          0.0,
          0.0
        ]
      }
    }
  },
  "niah_records": [
    {
      "ctx_len": 4096,
      "depth": 0.1,
      "method": "fp16",
      "correct": false,
      "response": "7"
    },
    {
      "ctx_len": 4096,
      "depth": 0.1,
      "method": "tq",
      "correct": false,
      "response": "an"
    },
    {
      "ctx_len": 4096,
      "depth": 0.1,
      "method": "sq",
      "correct": false,
      "response": "<nav"
    },
    {
      "ctx_len": 4096,
      "depth": 0.25,
      "method": "fp16",
      "correct": false,
      "response": "7 was 7 to develop"
    },
    {
      "ctx_len": 4096,
      "depth": 0.25,
      "method": "tq",
      "correct": false,
      "response": "an"
    },
    {
      "ctx_len": 4096,
      "depth": 0.25,
      "method": "sq",
      "correct": false,
      "response": "that7\nassistant"
    },
    {
      "ctx_len": 4096,
      "depth": 0.5,
      "method": "fp16",
      "correct": false,
      "response": "7"
    },
    {
      "ctx_len": 4096,
      "depth": 0.5,
      "method": "tq",
      "correct": false,
      "response": "ic The7   question9"
    },
    {
      "ctx_len": 4096,
      "depth": 0.5,
      "method": "sq",
      "correct": false,
      "response": "<nav"
    },
    {
      "ctx_len": 4096,
      "depth": 0.75,
      "method": "fp16",
      "correct": false,
      "response": "7"
    },
    {
      "ctx_len": 4096,
      "depth": 0.75,
      "method": "tq",
      "correct": false,
      "response": "the"
    },
    {
      "ctx_len": 4096,
      "depth": 0.75,
      "method": "sq",
      "correct": false,
      "response": "toredni,"
    },
    {
      "ctx_len": 4096,
      "depth": 0.9,
      "method": "fp16",
      "correct": false,
      "response": "7 was the special"
    },
    {
      "ctx_len": 4096,
      "depth": 0.9,
      "method": "tq",
      "correct": false,
      "response": "the"
    },
    {
      "ctx_len": 4096,
      "depth": 0.9,
      "method": "sq",
      "correct": false,
      "response": "to beilde of"
    },
    {
      "ctx_len": 8192,
      "depth": 0.1,
      "method": "fp16",
      "correct": false,
      "response": "7"
    },
    {
      "ctx_len": 8192,
      "depth": 0.1,
      "method": "tq",
      "correct": false,
      "response": "7\n77 thoughtger"
    },
    {
      "ctx_len": 8192,
      "depth": 0.1,
      "method": "sq",
      "correct": false,
      "response": ""
    },
    {
      "ctx_len": 8192,
      "depth": 0.25,
      "method": "fp16",
      "correct": false,
      "response": "7"
    },
    {
      "ctx_len": 8192,
      "depth": 0.25,
      "method": "tq",
      "correct": false,
      "response": "7\nThe ared\n  question"
    },
    {
      "ctx_len": 8192,
      "depth": 0.25,
      "method": "sq",
      "correct": false,
      "response": "{7 that"
    },
    {
      "ctx_len": 8192,
      "depth": 0.5,
      "method": "fp16",
      "correct": false,
      "response": "7"
    },
    {
      "ctx_len": 8192,
      "depth": 0.5,
      "method": "tq",
      "correct": false,
      "response": "7\nThe can3,.  7"
    },
    {
      "ctx_len": 8192,
      "depth": 0.5,
      "method": "sq",
      "correct": false,
      "response": "to"
    },
    {
      "ctx_len": 8192,
      "depth": 0.75,
      "method": "fp16",
      "correct": false,
      "response": "7"
    },
    {
      "ctx_len": 8192,
      "depth": 0.75,
      "method": "tq",
      "correct": false,
      "response": "7erThe is \n AI7\n  7 the. 7 The  to be the. to accelerate\n\n number. The\n\n  answer need."
    },
    {
      "ctx_len": 8192,
      "depth": 0.75,
      "method": "sq",
      "correct": false,
      "response": "to be"
    },
    {
      "ctx_len": 8192,
      "depth": 0.9,
      "method": "fp16",
      "correct": false,
      "response": "7"
    },
    {
      "ctx_len": 8192,
      "depth": 0.9,
      "method": "tq",
      "correct": false,