{
  "Qwen2.5-1.5B-Instruct": {
    "calibration": {
      "d_effs": [
        2,
        2,
        2,
        2,
        3,
        2,
        4,
        3,
        3,
        5,
        3,
        11,
        4,
        7,
        3,
        2,
        5,
        5,
        4,
        4,
        3,
        3,
        4,
        4,
        7,
        5,
        6,
        4,
        7,
        4,
        4,
        2,
        7,
        3,
        4,
        3,
        3,
        2,
        5,
        2,
        4,
        4,
        3,
        4,
        5,
        4,
        4,
        4,
        4,
        4,
        3,
        3,
        3,
        3,
        3,
        3
      ],
      "kappas": [
        1.126873254776001,
        1.0103716850280762,
        1.5657353401184082,
        1.614130973815918,
        1.0445393323898315,
        1.302443504333496,
        1.1334340572357178,
        1.2319093942642212,
        1.1806535720825195,
        1.042779564857483,
        1.1016199588775635,
        1.0891084671020508,
        1.229430079460144,
        1.0819625854492188,
        1.2227787971496582,
        1.2589482069015503,
        1.0414096117019653,
        1.0508266687393188,
        1.3958990573883057,
        1.30594801902771,
        1.0592060089111328,
        1.2310408353805542,
        1.1917705535888672,
        1.2999423742294312,
        1.0639382600784302,
        1.239760160446167,
        1.1813137531280518,
        1.4118105173110962,
        1.0445669889450073,
        1.3155925273895264,
        1.1113317012786865,
        1.7548643350601196,
        1.0966808795928955,
        1.2267963886260986,
        1.250471591949463,
        1.5648252964019775,
        1.1140307188034058,
        1.5955144166946411,
        1.080269455909729,
        1.761992335319519,
        1.2284109592437744,
        1.2633005380630493,
        1.705867052078247,
        1.0437051057815552,
        1.1324766874313354,
        1.4457054138183594,
        1.4201844930648804,
        1.250166893005371,
        1.2657361030578613,
        1.5139425992965698,
        1.0788490772247314,
        1.5298467874526978,
        1.1160564422607422,
        1.0705857276916504,
        1.055334448814392,
        1.087162733078003
      ],
      "sig_highs": [
        0.011306380475338825,
        0.0052438239081253404,
        0.009959154727083166,
        0.04740270302649086,
        0.22589184743642135,
        0.02856602954420599,
        0.08241362496100149,
        0.057058148659481826,
        0.04623596041024463,
        0.06358931602942414,
        0.06337510050070828,
        0.07847703288180241,
        0.11670001661444011,
        0.0901325223525906,
        0.05460982526655045,
        0.025291778941025835,
        0.08666259154390195,
        0.09139986423511288,
        0.08284048249556941,
        0.07753686499837116,
        0.07782652711002613,
        0.06387301575331882,
        0.07434769626556016,
        0.14842439813686786,
        0.06266456229493411,
        0.08840166142447185,
        0.08030265115618496,
        0.08693950089948113,
        0.04998821712260624,
        0.1298062098996077,
        0.08050865205079442,
        0.025213725487098205,
        0.07110233987240953,
        0.09907740099482393,
        0.08954814953540836,
        0.07699537048805996,
        0.05337761237574378,
        0.041298207284037027,
        0.0938080850210422,
        0.1138247021615003,
        0.06367843092789296,
        0.08581052612338376,
        0.08760052175005213,
        0.09527605495038861,
        0.07298208901267424,
        0.05745521975185425,
        0.061088751228477206,
        0.058372209413527866,
        0.06375491872638162,
        0.08752887100211515,
        0.07237715135042208,
        0.13799504942223487,
        0.10878968976436292,
        0.11554589910127049,
        0.04449631666547313,
        0.05797129035764995
      ],
      "sig_lows": [
        0.08907568845221084,
        0.08908463781959962,
        0.0890782302840663,
        0.08888667906390896,
        0.08231251236432092,
        0.08901435353185282,
        0.08857437824790008,
        0.08900485662272462,
        0.08915544459889903,
        0.08925081453777568,
        0.08890223118099937,
        0.08926360448270079,
        0.08732238143391098,
        0.08828639266276524,
        0.08904171740302,
        0.08903006324945427,
        0.08845779158185602,
        0.08826374888345584,
        0.08856152205831647,
        0.08871629900967073,
        0.08862636906868407,
        0.08889367716571255,
        0.08880431370946851,
        0.08575475080999265,
        0.08965093276972262,
        0.0883878023713552,
        0.08876700079642762,
        0.08843468987832992,
        0.09011050038943275,
        0.08672357929902653,
        0.08863086782477467,
        0.08903042837173769,
        0.0892860273447616,
        0.0881158839336849,
        0.08835068838736412,
        0.08864379688514924,
        0.08905965209650006,
        0.08893500962168387,
        0.08816098204997781,
        0.08792529578586837,
        0.08907138802650166,
        0.0884702496546697,
        0.08840717150604345,
        0.08815720350728078,
        0.08895820070659867,
        0.08920780170675183,
        0.08912987108815601,
        0.08918857223772525,
        0.08906962196035087,
        0.08841593886495608,
        0.08873713294453006,
        0.08685031347629074,
        0.08784051097930436,
        0.08763321608539018,
        0.08917668192880089,
        0.08899069748567327
      ]
    },
    "results": {
      "SQ_2bit": {
        "mean": 0.7779796295364698,
        "std": 0.2149878485195036,
        "n": 300
      },
      "SQ_3bit": {
        "mean": 0.8403606888651848,
        "std": 0.22196184166763286,
        "n": 300
      },
      "SQ_4bit": {
        "mean": 0.882014640023311,
        "std": 0.20445940449582325,
        "n": 300
      },
      "TQ_2bit": {
        "mean": 0.7896283919115862,
        "std": 0.2129289052373301,
        "n": 300
      },
      "TQ_3bit": {
        "mean": 0.8442779799799124,
        "std": 0.22026104614693184,
        "n": 300
      },
      "TQ_4bit": {
        "mean": 0.8822191412250201,
        "std": 0.21112950985548054,
        "n": 300
      }
    }
  }
}