{
  "model": "meta-llama/Llama-3.1-8B-Instruct",
  "dataset": "wikitext-2-raw-v1",
  "ctx_lengths": [
    1024,
    2048
  ],
  "results": {
    "1024": {
      "fp16": {
        "ppl": 4.9330033726088836,
        "time_s": 59.20652437210083
      },
      "tq": {
        "ppl": 4.9330033726088836,
        "time_s": 20.477640390396118
      },
      "sq": {
        "ppl": 4.9330033726088836,
        "time_s": 19.063735008239746
      }
    },
    "2048": {
      "fp16": {
        "ppl": 5.7424556368447215,
        "time_s": 81.99040603637695
      },
      "tq": {
        "ppl": 5.7424556368447215,
        "time_s": 40.11730933189392
      },
      "sq": {
        "ppl": 5.7424556368447215,
        "time_s": 38.76540660858154
      }
    }
  }
}