{
  "model": "Qwen/Qwen2.5-7B-Instruct",
  "dataset": "wikitext-2-raw-v1",
  "ctx_lengths": [
    1024,
    2048
  ],
  "results": {
    "1024": {
      "fp16": {
        "ppl": 7.509418998352648,
        "time_s": 54.058396339416504
      },
      "tq": {
        "ppl": 7.509418998352648,
        "time_s": 16.04200053215027
      },
      "sq": {
        "ppl": 7.509418998352648,
        "time_s": 15.345741987228394
      }
    },
    "2048": {
      "fp16": {
        "ppl": 7.144645816254042,
        "time_s": 72.69680905342102
      },
      "tq": {
        "ppl": 7.144645816254042,
        "time_s": 30.680070161819458
      },
      "sq": {
        "ppl": 7.144645816254042,
        "time_s": 29.84954833984375
      }
    }
  }
}