{
  "model": "Qwen/Qwen2.5-7B-Instruct",
  "short_name": "Qwen-7B",
  "head_dim": 128,
  "n_layers": 28,
  "n_kv_heads": 4,
  "mean_d_eff_keys": 4.232142857142857,
  "mean_d_eff_values": 53.482142857142854,
  "configs": {
    "SQ_2regime": {
      "config_name": "SQ_2regime",
      "attn_cos_sim": 0.6302862564722697,
      "attn_cos_sim_std": 0.11888006323306899,
      "key_cos_sim": 0.7096607883771261,
      "val_cos_sim": 0.738540048400561,
      "total_bits": 720,
      "key_bits": 397,
      "val_bits": 323,
      "total_compress": 5.688888888888889,
      "key_compress": 5.158690176322418,
      "val_compress": 6.340557275541796,
      "key_regime_summary": "dims 1-3: 2-bit (3 dims) | dims 4-128: 3-bit (125 dims)",
      "val_regime_summary": "dims 1-77: 2-bit (77 dims) | dims 78-128: 3-bit (51 dims)",
      "n_evals": 12
    },
    "3regime_441": {
      "config_name": "3regime_441",
      "attn_cos_sim": 0.6876378357410431,
      "attn_cos_sim_std": 0.050612777697608004,
      "key_cos_sim": 0.5782638043165207,
      "val_cos_sim": 0.7295999129613241,
      "total_bits": 585,
      "key_bits": 159,
      "val_bits": 426,
      "total_compress": 7.001709401709402,
      "key_compress": 12.880503144654089,
      "val_compress": 4.807511737089202,
      "key_regime_summary": "dims 1-3: 4-bit (3 dims) | dims 4-9: 2-bit (6 dims) | dims 10-128: 1-bit (119 dims)",
      "val_regime_summary": "dims 1-77: 4-bit (77 dims) | dims 78-128: 2-bit (51 dims)",
      "n_evals": 12
    },
    "3regime_431": {
      "config_name": "3regime_431",
      "attn_cos_sim": 0.7387539794047674,
      "attn_cos_sim_std": 0.07614921455590562,
      "key_cos_sim": 0.5597791224718094,
      "val_cos_sim": 0.7817079623540243,
      "total_bits": 642,
      "key_bits": 165,
      "val_bits": 477,
      "total_compress": 6.38006230529595,
      "key_compress": 12.412121212121212,
      "val_compress": 4.29350104821803,
      "key_regime_summary": "dims 1-3: 4-bit (3 dims) | dims 4-9: 3-bit (6 dims) | dims 10-128: 1-bit (119 dims)",
      "val_regime_summary": "dims 1-77: 4-bit (77 dims) | dims 78-128: 3-bit (51 dims)",
      "n_evals": 12
    },
    "3regime_421": {
      "config_name": "3regime_421",
      "attn_cos_sim": 0.692342589298884,
      "attn_cos_sim_std": 0.05060471769979692,
      "key_cos_sim": 0.5871346344550451,
      "val_cos_sim": 0.7340443879365921,
      "total_bits": 588,
      "key_bits": 162,
      "val_bits": 426,
      "total_compress": 6.965986394557823,
      "key_compress": 12.641975308641975,
      "val_compress": 4.807511737089202,
      "key_regime_summary": "dims 1-3: 4-bit (3 dims) | dims 4-12: 2-bit (9 dims) | dims 13-128: 1-bit (116 dims)",
      "val_regime_summary": "dims 1-77: 4-bit (77 dims) | dims 78-128: 2-bit (51 dims)",
      "n_evals": 12
    },
    "4regime_4321": {
      "config_name": "4regime_4321",
      "attn_cos_sim": 0.7410476158062617,
      "attn_cos_sim_std": 0.06958743697749573,
      "key_cos_sim": 0.5778873960177103,
      "val_cos_sim": 0.7840079218149185,
      "total_bits": 642,
      "key_bits": 165,
      "val_bits": 477,
      "total_compress": 6.38006230529595,
      "key_compress": 12.412121212121212,
      "val_compress": 4.29350104821803,
      "key_regime_summary": "dims 1-3: 4-bit (3 dims) | dims 4-6: 3-bit (3 dims) | dims 7-12: 2-bit (6 dims) | dims 13-128: 1-bit (116 dims)",
      "val_regime_summary": "dims 1-77: 4-bit (77 dims) | dims 78-128: 3-bit (51 dims)",
      "n_evals": 12
    },
    "asym_key431_val321": {
      "config_name": "asym_key431_val321",
      "attn_cos_sim": 0.7058693816264471,
      "attn_cos_sim_std": 0.04864046501514124,
      "key_cos_sim": 0.5557560523351034,
      "val_cos_sim": 0.7491545180479685,
      "total_bits": 508,
      "key_bits": 159,
      "val_bits": 349,
      "total_compress": 8.062992125984252,
      "key_compress": 12.880503144654089,
      "val_compress": 5.868194842406877,
      "key_regime_summary": "dims 1-3: 4-bit (3 dims) | dims 4-6: 3-bit (3 dims) | dims 7-128: 1-bit (122 dims)",
      "val_regime_summary": "dims 1-77: 3-bit (77 dims) | dims 78-128: 2-bit (51 dims)",
      "n_evals": 12
    },
    "2regime_41": {
      "config_name": "2regime_41",
      "attn_cos_sim": 0.6105501800775528,
      "attn_cos_sim_std": 0.0421367302725267,
      "key_cos_sim": 0.551858072479566,
      "val_cos_sim": 0.6503394196430842,
      "total_bits": 528,
      "key_bits": 153,
      "val_bits": 375,
      "total_compress": 7.757575757575758,
      "key_compress": 13.38562091503268,
      "val_compress": 5.461333333333333,
      "key_regime_summary": "dims 1-3: 4-bit (3 dims) | dims 4-128: 1-bit (125 dims)",
      "val_regime_summary": "dims 1-77: 4-bit (77 dims) | dims 78-128: 1-bit (51 dims)",
      "n_evals": 12
    },
    "uniform_3bit": {
      "config_name": "uniform_3bit",
      "attn_cos_sim": 0.7334849536418915,
      "attn_cos_sim_std": 0.04492450297801312,
      "key_cos_sim": 0.5422488674521446,
      "val_cos_sim": 0.7762449830770493,
      "total_bits": 800,
      "key_bits": 400,
      "val_bits": 400,
      "total_compress": 5.12,
      "key_compress": 5.12,
      "val_compress": 5.12,
      "key_regime_summary": "dims 1-128: 3-bit (128 dims)",
      "val_regime_summary": "dims 1-128: 3-bit (128 dims)",
      "n_evals": 12
    },
    "uniform_2bit": {
      "config_name": "uniform_2bit",
      "attn_cos_sim": 0.7119561483462652,
      "attn_cos_sim_std": 0.049659970497734754,
      "key_cos_sim": 0.5364150926470757,
      "val_cos_sim": 0.7554143369197845,
      "total_bits": 544,
      "key_bits": 272,
      "val_bits": 272,
      "total_compress": 7.529411764705882,
      "key_compress": 7.529411764705882,
      "val_compress": 7.529411764705882,
      "key_regime_summary": "dims 1-128: 2-bit (128 dims)",
      "val_regime_summary": "dims 1-128: 2-bit (128 dims)",
      "n_evals": 12
    }
  }
}