{
  "model": "Qwen/Qwen2.5-1.5B-Instruct",
  "short_name": "Qwen-1.5B",
  "head_dim": 128,
  "n_layers": 28,
  "n_kv_heads": 2,
  "mean_d_eff_keys": 3.892857142857143,
  "mean_d_eff_values": 41.125,
  "configs": {
    "SQ_2regime": {
      "config_name": "SQ_2regime",
      "attn_cos_sim": 0.5484512895345688,
      "attn_cos_sim_std": 0.1733071662059581,
      "key_cos_sim": 0.7110373278458914,
      "val_cos_sim": 0.7068972289562225,
      "total_bits": 768,
      "key_bits": 397,
      "val_bits": 371,
      "total_compress": 5.333333333333333,
      "key_compress": 5.158690176322418,
      "val_compress": 5.520215633423181,
      "key_regime_summary": "dims 1-3: 2-bit (3 dims) | dims 4-128: 3-bit (125 dims)",
      "val_regime_summary": "dims 1-29: 2-bit (29 dims) | dims 30-128: 3-bit (99 dims)",
      "n_evals": 6
    },
    "3regime_441": {
      "config_name": "3regime_441",
      "attn_cos_sim": 0.5855023463567098,
      "attn_cos_sim_std": 0.10665459296845461,
      "key_cos_sim": 0.5764946540196737,
      "val_cos_sim": 0.6979950467745463,
      "total_bits": 448,
      "key_bits": 159,
      "val_bits": 289,
      "total_compress": 9.142857142857142,
      "key_compress": 12.880503144654089,
      "val_compress": 7.086505190311419,
      "key_regime_summary": "dims 1-3: 4-bit (3 dims) | dims 4-9: 2-bit (6 dims) | dims 10-128: 1-bit (119 dims)",
      "val_regime_summary": "dims 1-29: 4-bit (29 dims) | dims 30-87: 2-bit (58 dims) | dims 88-128: 1-bit (41 dims)",
      "n_evals": 6
    },
    "3regime_431": {
      "config_name": "3regime_431",
      "attn_cos_sim": 0.6032351106405258,
      "attn_cos_sim_std": 0.11308037200210888,
      "key_cos_sim": 0.5596666832764944,
      "val_cos_sim": 0.7167355616887411,
      "total_bits": 512,
      "key_bits": 165,
      "val_bits": 347,
      "total_compress": 8.0,
      "key_compress": 12.412121212121212,
      "val_compress": 5.902017291066282,
      "key_regime_summary": "dims 1-3: 4-bit (3 dims) | dims 4-9: 3-bit (6 dims) | dims 10-128: 1-bit (119 dims)",
      "val_regime_summary": "dims 1-29: 4-bit (29 dims) | dims 30-87: 3-bit (58 dims) | dims 88-128: 1-bit (41 dims)",
      "n_evals": 6
    },
    "3regime_421": {
      "config_name": "3regime_421",
      "attn_cos_sim": 0.5936430990695953,
      "attn_cos_sim_std": 0.10559402188971169,
      "key_cos_sim": 0.5874833762645721,
      "val_cos_sim": 0.7083813746770223,
      "total_bits": 480,
      "key_bits": 162,
      "val_bits": 318,
      "total_compress": 8.533333333333333,
      "key_compress": 12.641975308641975,
      "val_compress": 6.440251572327044,
      "key_regime_summary": "dims 1-3: 4-bit (3 dims) | dims 4-12: 2-bit (9 dims) | dims 13-128: 1-bit (116 dims)",
      "val_regime_summary": "dims 1-29: 4-bit (29 dims) | dims 30-116: 2-bit (87 dims) | dims 117-128: 1-bit (12 dims)",
      "n_evals": 6
    },
    "4regime_4321": {
      "config_name": "4regime_4321",
      "attn_cos_sim": 0.6067492961883545,
      "attn_cos_sim_std": 0.10299342668303337,
      "key_cos_sim": 0.5796679556369781,
      "val_cos_sim": 0.7239917914072672,
      "total_bits": 512,
      "key_bits": 165,
      "val_bits": 347,
      "total_compress": 8.0,
      "key_compress": 12.412121212121212,
      "val_compress": 5.902017291066282,
      "key_regime_summary": "dims 1-3: 4-bit (3 dims) | dims 4-6: 3-bit (3 dims) | dims 7-12: 2-bit (6 dims) | dims 13-128: 1-bit (116 dims)",
      "val_regime_summary": "dims 1-29: 4-bit (29 dims) | dims 30-58: 3-bit (29 dims) | dims 59-116: 2-bit (58 dims) | dims 117-128: 1-bit (12 dims)",
      "n_evals": 6
    },
    "asym_key431_val321": {
      "config_name": "asym_key431_val321",
      "attn_cos_sim": 0.6005274057388306,
      "attn_cos_sim_std": 0.11591663767580654,
      "key_cos_sim": 0.5516928136348724,
      "val_cos_sim": 0.7131946782271067,
      "total_bits": 390,
      "key_bits": 159,
      "val_bits": 231,
      "total_compress": 10.502564102564103,
      "key_compress": 12.880503144654089,
      "val_compress": 8.865800865800866,
      "key_regime_summary": "dims 1-3: 4-bit (3 dims) | dims 4-6: 3-bit (3 dims) | dims 7-128: 1-bit (122 dims)",
      "val_regime_summary": "dims 1-29: 3-bit (29 dims) | dims 30-58: 2-bit (29 dims) | dims 59-128: 1-bit (70 dims)",
      "n_evals": 6
    },
    "2regime_41": {
      "config_name": "2regime_41",
      "attn_cos_sim": 0.5433341860771179,
      "attn_cos_sim_std": 0.11109833423744639,
      "key_cos_sim": 0.5440180202325186,
      "val_cos_sim": 0.6497592528661092,
      "total_bits": 384,
      "key_bits": 153,
      "val_bits": 231,
      "total_compress": 10.666666666666666,
      "key_compress": 13.38562091503268,
      "val_compress": 8.865800865800866,
      "key_regime_summary": "dims 1-3: 4-bit (3 dims) | dims 4-128: 1-bit (125 dims)",
      "val_regime_summary": "dims 1-29: 4-bit (29 dims) | dims 30-128: 1-bit (99 dims)",
      "n_evals": 6
    },
    "uniform_3bit": {
      "config_name": "uniform_3bit",
      "attn_cos_sim": 0.6495477755864462,
      "attn_cos_sim_std": 0.11924315428554041,
      "key_cos_sim": 0.5028760333855947,
      "val_cos_sim": 0.7618184884389242,
      "total_bits": 800,
      "key_bits": 400,
      "val_bits": 400,
      "total_compress": 5.12,
      "key_compress": 5.12,
      "val_compress": 5.12,
      "key_regime_summary": "dims 1-128: 3-bit (128 dims)",
      "val_regime_summary": "dims 1-128: 3-bit (128 dims)",
      "n_evals": 6
    },
    "uniform_2bit": {
      "config_name": "uniform_2bit",
      "attn_cos_sim": 0.6029508908589681,
      "attn_cos_sim_std": 0.12132240273583728,
      "key_cos_sim": 0.4936157415310542,
      "val_cos_sim": 0.7162628670533498,
      "total_bits": 544,
      "key_bits": 272,
      "val_bits": 272,
      "total_compress": 7.529411764705882,
      "key_compress": 7.529411764705882,
      "val_compress": 7.529411764705882,
      "key_regime_summary": "dims 1-128: 2-bit (128 dims)",
      "val_regime_summary": "dims 1-128: 2-bit (128 dims)",
      "n_evals": 6
    }
  }
}