{
  "model": "meta-llama/Llama-3.1-8B-Instruct",
  "short_name": "Llama-8B",
  "head_dim": 128,
  "n_layers": 32,
  "n_kv_heads": 8,
  "mean_d_eff_keys": 3.58984375,
  "mean_d_eff_values": 45.42578125,
  "configs": {
    "SQ_2regime": {
      "config_name": "SQ_2regime",
      "attn_cos_sim": 0.6822056273619334,
      "attn_cos_sim_std": 0.08218403591960274,
      "key_cos_sim": 0.723995159069697,
      "val_cos_sim": 0.8168180882930756,
      "total_bits": 755,
      "key_bits": 395,
      "val_bits": 360,
      "total_compress": 5.425165562913907,
      "key_compress": 5.184810126582279,
      "val_compress": 5.688888888888889,
      "key_regime_summary": "dims 1-5: 2-bit (5 dims) | dims 6-128: 3-bit (123 dims)",
      "val_regime_summary": "dims 1-40: 2-bit (40 dims) | dims 41-128: 3-bit (88 dims)",
      "n_evals": 12
    },
    "3regime_441": {
      "config_name": "3regime_441",
      "attn_cos_sim": 0.7939193149407705,
      "attn_cos_sim_std": 0.07553213862575553,
      "key_cos_sim": 0.5773759136597315,
      "val_cos_sim": 0.8521462927261988,
      "total_bits": 513,
      "key_bits": 169,
      "val_bits": 344,
      "total_compress": 7.984405458089668,
      "key_compress": 12.118343195266272,
      "val_compress": 5.953488372093023,
      "key_regime_summary": "dims 1-5: 4-bit (5 dims) | dims 6-15: 2-bit (10 dims) | dims 16-128: 1-bit (113 dims)",
      "val_regime_summary": "dims 1-40: 4-bit (40 dims) | dims 41-120: 2-bit (80 dims) | dims 121-128: 1-bit (8 dims)",
      "n_evals": 12
    },
    "3regime_431": {
      "config_name": "3regime_431",
      "attn_cos_sim": 0.8244823267062505,
      "attn_cos_sim_std": 0.08813213678349541,
      "key_cos_sim": 0.5625250587860743,
      "val_cos_sim": 0.8839816252390543,
      "total_bits": 603,
      "key_bits": 179,
      "val_bits": 424,
      "total_compress": 6.792703150912106,
      "key_compress": 11.441340782122905,
      "val_compress": 4.830188679245283,
      "key_regime_summary": "dims 1-5: 4-bit (5 dims) | dims 6-15: 3-bit (10 dims) | dims 16-128: 1-bit (113 dims)",
      "val_regime_summary": "dims 1-40: 4-bit (40 dims) | dims 41-120: 3-bit (80 dims) | dims 121-128: 1-bit (8 dims)",
      "n_evals": 12
    },
    "3regime_421": {
      "config_name": "3regime_421",
      "attn_cos_sim": 0.8033712357282639,
      "attn_cos_sim_std": 0.07250745594992597,
      "key_cos_sim": 0.5831780582666397,
      "val_cos_sim": 0.8612862130006155,
      "total_bits": 526,
      "key_bits": 174,
      "val_bits": 352,
      "total_compress": 7.787072243346008,
      "key_compress": 11.770114942528735,
      "val_compress": 5.818181818181818,
      "key_regime_summary": "dims 1-5: 4-bit (5 dims) | dims 6-20: 2-bit (15 dims) | dims 21-128: 1-bit (108 dims)",
      "val_regime_summary": "dims 1-40: 4-bit (40 dims) | dims 41-128: 2-bit (88 dims)",
      "n_evals": 12
    },
    "4regime_4321": {
      "config_name": "4regime_4321",
      "attn_cos_sim": 0.8277170111735662,
      "attn_cos_sim_std": 0.08072676324671767,
      "key_cos_sim": 0.5754670947790146,
      "val_cos_sim": 0.8866871148347855,
      "total_bits": 571,
      "key_bits": 179,
      "val_bits": 392,
      "total_compress": 7.17338003502627,
      "key_compress": 11.441340782122905,
      "val_compress": 5.224489795918367,
      "key_regime_summary": "dims 1-5: 4-bit (5 dims) | dims 6-10: 3-bit (5 dims) | dims 11-20: 2-bit (10 dims) | dims 21-128: 1-bit (108 dims)",
      "val_regime_summary": "dims 1-40: 4-bit (40 dims) | dims 41-80: 3-bit (40 dims) | dims 81-128: 2-bit (48 dims)",
      "n_evals": 12
    },
    "asym_key431_val321": {
      "config_name": "asym_key431_val321",
      "attn_cos_sim": 0.7588102966547012,
      "attn_cos_sim_std": 0.06504853126013323,
      "key_cos_sim": 0.5607349624236425,
      "val_cos_sim": 0.8165022283792496,
      "total_bits": 433,
      "key_bits": 169,
      "val_bits": 264,
      "total_compress": 9.459584295612009,
      "key_compress": 12.118343195266272,
      "val_compress": 7.757575757575758,
      "key_regime_summary": "dims 1-5: 4-bit (5 dims) | dims 6-10: 3-bit (5 dims) | dims 11-128: 1-bit (118 dims)",
      "val_regime_summary": "dims 1-40: 3-bit (40 dims) | dims 41-80: 2-bit (40 dims) | dims 81-128: 1-bit (48 dims)",
      "n_evals": 12
    },
    "2regime_41": {
      "config_name": "2regime_41",
      "attn_cos_sim": 0.7380363941192627,
      "attn_cos_sim_std": 0.05879067713009207,
      "key_cos_sim": 0.5574429631233215,
      "val_cos_sim": 0.7959357450405756,
      "total_bits": 423,
      "key_bits": 159,
      "val_bits": 264,
      "total_compress": 9.68321513002364,
      "key_compress": 12.880503144654089,
      "val_compress": 7.757575757575758,
      "key_regime_summary": "dims 1-5: 4-bit (5 dims) | dims 6-128: 1-bit (123 dims)",
      "val_regime_summary": "dims 1-40: 4-bit (40 dims) | dims 41-128: 1-bit (88 dims)",
      "n_evals": 12
    },
    "uniform_3bit": {
      "config_name": "uniform_3bit",
      "attn_cos_sim": 0.8426870356003443,
      "attn_cos_sim_std": 0.056427995846569705,
      "key_cos_sim": 0.5317235887050629,
      "val_cos_sim": 0.9021944403648376,
      "total_bits": 800,
      "key_bits": 400,
      "val_bits": 400,
      "total_compress": 5.12,
      "key_compress": 5.12,
      "val_compress": 5.12,
      "key_regime_summary": "dims 1-128: 3-bit (128 dims)",
      "val_regime_summary": "dims 1-128: 3-bit (128 dims)",
      "n_evals": 12
    },
    "uniform_2bit": {
      "config_name": "uniform_2bit",
      "attn_cos_sim": 0.7467807730038961,
      "attn_cos_sim_std": 0.049306386998341674,
      "key_cos_sim": 0.5317235936721166,
      "val_cos_sim": 0.8045056859652201,
      "total_bits": 544,
      "key_bits": 272,
      "val_bits": 272,
      "total_compress": 7.529411764705882,
      "key_compress": 7.529411764705882,
      "val_compress": 7.529411764705882,
      "key_regime_summary": "dims 1-128: 2-bit (128 dims)",
      "val_regime_summary": "dims 1-128: 2-bit (128 dims)",
      "n_evals": 12
    }
  }
}