{
  "Qwen2.5-1.5B-Instruct": {
    "model": "Qwen2.5-1.5B-Instruct",
    "d_eff_pr": 3.857142857142857,
    "d_eff_95": 62.517857142857146,
    "kappa": 1.247033076626914,
    "TQ_norm_3bit": {
      "mean": 0.8442779799799124,
      "n": 300
    },
    "TQ_unnorm_3bit": {
      "mean": 0.8429067537685235,
      "n": 300
    },
    "SQ_unnorm_PR": {
      "mean": 0.8393751129508018,
      "n": 300
    },
    "SQ_unnorm_95cv": {
      "mean": 0.8333308091759681,
      "n": 300
    },
    "SQ_unnorm_d8": {
      "mean": 0.8238180807729563,
      "n": 300
    },
    "SQ_unnorm_d4": {
      "mean": 0.8167304417739312,
      "n": 300
    }
  }
}