{
  "model": "Qwen2.5-14B-Instruct",
  "n_layers": 48,
  "n_kv_heads": 8,
  "head_dim": 128,
  "d_eff": 4,
  "kappa": 1.2199700356771548,
  "configs": {
    "TQ_3bit": {
      "cos_sim": 0.9226097098489603,
      "ratio": 5.019607843137255,
      "avg_bits": 3.1875,
      "mb_8k": 320.864256,
      "n": 1200
    },
    "TQ_2bit": {
      "cos_sim": 0.8248648208379745,
      "ratio": 7.314285714285714,
      "avg_bits": 2.1875,
      "mb_8k": 220.20096,
      "n": 1200
    },
    "SQ_selQJL": {
      "cos_sim": 0.9146691088626782,
      "ratio": 5.91907514450867,
      "avg_bits": 2.703125,
      "mb_8k": 272.105472,
      "n": 1200
    },
    "SQ_selQJL_v2tail": {
      "cos_sim": 0.8986268473664919,
      "ratio": 7.211267605633803,
      "avg_bits": 2.21875,
      "mb_8k": 223.346688,
      "n": 1200
    },
    "SQ_selQJL_v1tail": {
      "cos_sim": 0.8371809188773235,
      "ratio": 9.225225225225225,
      "avg_bits": 1.734375,
      "mb_8k": 174.587904,
      "n": 1200
    },
    "SQ_noQJL_v3": {
      "cos_sim": 0.9484994028011958,
      "ratio": 5.953488372093023,
      "avg_bits": 2.6875,
      "mb_8k": 270.532608,
      "n": 1200
    },
    "SQ_noQJL_v2tail": {
      "cos_sim": 0.9334064636131127,
      "ratio": 7.26241134751773,
      "avg_bits": 2.203125,
      "mb_8k": 221.773824,
      "n": 1200
    },
    "SQ_noQJL_v1tail": {
      "cos_sim": 0.8744549995660782,
      "ratio": 9.309090909090909,
      "avg_bits": 1.71875,
      "mb_8k": 173.01504,
      "n": 1200
    },
    "SQ_k1_noQJL_v2t": {
      "cos_sim": 0.8246567923823992,
      "ratio": 13.2987012987013,
      "avg_bits": 1.203125,
      "mb_8k": 121.110528,
      "n": 1200
    }
  }
}