{
  "model": "Qwen2.5-1.5B-Instruct",
  "n_layers": 28,
  "n_kv_heads": 2,
  "head_dim": 128,
  "d_eff": 4,
  "kappa": 1.247033076626914,
  "configs": {
    "TQ_3bit": {
      "cos_sim": 0.8442779799799124,
      "ratio": 5.019607843137255,
      "avg_bits": 3.1875,
      "mb_8k": 46.792704,
      "n": 300
    },
    "TQ_2bit": {
      "cos_sim": 0.7896283919115862,
      "ratio": 7.314285714285714,
      "avg_bits": 2.1875,
      "mb_8k": 32.11264,
      "n": 300
    },
    "SQ_selQJL": {
      "cos_sim": 0.8476780078808467,
      "ratio": 5.91907514450867,
      "avg_bits": 2.703125,
      "mb_8k": 39.682048,
      "n": 300
    },
    "SQ_selQJL_v2tail": {
      "cos_sim": 0.8342963253458341,
      "ratio": 7.211267605633803,
      "avg_bits": 2.21875,
      "mb_8k": 32.571392,
      "n": 300
    },
    "SQ_selQJL_v1tail": {
      "cos_sim": 0.7834125710527102,
      "ratio": 9.225225225225225,
      "avg_bits": 1.734375,
      "mb_8k": 25.460736,
      "n": 300
    },
    "SQ_noQJL_v3": {
      "cos_sim": 0.8615142812828223,
      "ratio": 5.953488372093023,
      "avg_bits": 2.6875,
      "mb_8k": 39.452672,
      "n": 300
    },
    "SQ_noQJL_v2tail": {
      "cos_sim": 0.8500166252752145,
      "ratio": 7.26241134751773,
      "avg_bits": 2.203125,
      "mb_8k": 32.342016,
      "n": 300
    },
    "SQ_noQJL_v1tail": {
      "cos_sim": 0.8024012971669435,
      "ratio": 9.309090909090909,
      "avg_bits": 1.71875,
      "mb_8k": 25.23136,
      "n": 300
    },
    "SQ_k1_noQJL_v2t": {
      "cos_sim": 0.7690331786870956,
      "ratio": 13.2987012987013,
      "avg_bits": 1.203125,
      "mb_8k": 17.661952,
      "n": 300
    }
  }
}