{
  "model": "Qwen2.5-7B-Instruct",
  "n_layers": 28,
  "n_kv_heads": 4,
  "head_dim": 128,
  "d_eff": 4,
  "kappa": 1.2375758588314056,
  "configs": {
    "TQ_3bit": {
      "cos_sim": 0.8538468626514077,
      "ratio": 5.019607843137255,
      "avg_bits": 3.1875,
      "mb_8k": 93.585408,
      "n": 600
    },
    "TQ_2bit": {
      "cos_sim": 0.7760489912455281,
      "ratio": 7.314285714285714,
      "avg_bits": 2.1875,
      "mb_8k": 64.22528,
      "n": 600
    },
    "SQ_selQJL": {
      "cos_sim": 0.854534007711336,
      "ratio": 5.91907514450867,
      "avg_bits": 2.703125,
      "mb_8k": 79.364096,
      "n": 600
    },
    "SQ_selQJL_v2tail": {
      "cos_sim": 0.8399755799459915,
      "ratio": 7.211267605633803,
      "avg_bits": 2.21875,
      "mb_8k": 65.142784,
      "n": 600
    },
    "SQ_selQJL_v1tail": {
      "cos_sim": 0.7859353394682209,
      "ratio": 9.225225225225225,
      "avg_bits": 1.734375,
      "mb_8k": 50.921472,
      "n": 600
    },
    "SQ_noQJL_v3": {
      "cos_sim": 0.8815342168261607,
      "ratio": 5.953488372093023,
      "avg_bits": 2.6875,
      "mb_8k": 78.905344,
      "n": 600
    },
    "SQ_noQJL_v2tail": {
      "cos_sim": 0.8681940499320626,
      "ratio": 7.26241134751773,
      "avg_bits": 2.203125,
      "mb_8k": 64.684032,
      "n": 600
    },
    "SQ_noQJL_v1tail": {
      "cos_sim": 0.8168674294153849,
      "ratio": 9.309090909090909,
      "avg_bits": 1.71875,
      "mb_8k": 50.46272,
      "n": 600
    },
    "SQ_k1_noQJL_v2t": {
      "cos_sim": 0.7843631104379892,
      "ratio": 13.2987012987013,
      "avg_bits": 1.203125,
      "mb_8k": 35.323904,
      "n": 600
    }
  }
}