{
  "sq": {
    "cos_mean": 0.8699601423243681,
    "cos_std": 0.20477632307803723,
    "compress_ms": 0.8785002966665681,
    "attn_ms": 0.10310747000016107,
    "total_ms": 0.9816077666667292,
    "n": 300
  },
  "tq": {
    "cos_mean": 0.8442779799799124,
    "cos_std": 0.22026104614693184,
    "compress_ms": 0.9876198466668147,
    "attn_ms": 0.25727154333303304,
    "total_ms": 1.2448913899998477,
    "n": 300
  }
}