{
  "A_TurboQuant": {
    "mean": 0.8456931187957525,
    "vs_tq": 0.0,
    "n": 200
  },
  "B_SpectralRot": {
    "mean": 0.8354983963817358,
    "vs_tq": -0.010194722414016644,
    "n": 200
  },
  "C_SQ+EmpCodebook": {
    "mean": 0.8337087222933769,
    "vs_tq": -0.011984396502375594,
    "n": 200
  },
  "D_Full_SQ": {
    "mean": 0.8513543432950974,
    "vs_tq": 0.005661224499344919,
    "n": 200
  },
  "E_SQ_2bit": {
    "mean": 0.7771319395303726,
    "vs_tq": -0.06856117926537986,
    "n": 200
  },
  "calibration": {
    "mean_d_eff": 3.9285714285714284,
    "mean_kappa": 1.252985609429223,
    "mean_sigma_high": 0.07667588793988525,
    "mean_sigma_low": 0.08850698166851714
  }
}