{
  "A_TurboQuant": {
    "mean_cos": 0.8456931187957525,
    "std_cos": 0.22064657020432474,
    "vs_tq": 0.0,
    "n": 200
  },
  "B_SpectralRot": {
    "mean_cos": 0.8373495684564114,
    "std_cos": 0.23211147358424683,
    "vs_tq": -0.008343550339341088,
    "n": 200
  },
  "C_SpectralRot+Codebook": {
    "mean_cos": 0.2092974431149196,
    "std_cos": 0.1442936438480044,
    "vs_tq": -0.6363956756808329,
    "n": 200
  },
  "D_Full_SpectralQuant": {
    "mean_cos": 0.24506451117340475,
    "std_cos": 0.1555380054963196,
    "vs_tq": -0.6006286076223477,
    "n": 200
  },
  "E_SQ_2.5bit": {
    "mean_cos": 0.22682392984861507,
    "std_cos": 0.14746042797988093,
    "vs_tq": -0.6188691889471374,
    "n": 200
  },
  "eigenspectral": {
    "mean_d_eff": 3.9285714285714284,
    "mean_kappa": 1.252985609429223
  }
}