{
  "Qwen2.5-1.5B-Instruct": {
    "tq_mean": 0.8442779799799124,
    "best_deff": "participation_ratio",
    "best_delta": -0.003917291114727606,
    "participation_ratio": {
      "mean_cos": 0.8403606888651848,
      "mean_deff": 3.8,
      "vs_tq": -0.003917291114727606,
      "n": 300
    },
    "cumvar_90": {
      "mean_cos": 0.8346572276949883,
      "mean_deff": 36.3,
      "vs_tq": -0.009620752284924095,
      "n": 300
    },
    "cumvar_95": {
      "mean_cos": 0.8356354102492333,
      "mean_deff": 52.5,
      "vs_tq": -0.008642569730679117,
      "n": 300
    },
    "cumvar_99": {
      "mean_cos": 0.8291438141465187,
      "mean_deff": 76.1,
      "vs_tq": -0.015134165833393665,
      "n": 300
    },
    "d/8": {
      "mean_cos": 0.8207573177665473,
      "mean_deff": 16.0,
      "vs_tq": -0.02352066221336513,
      "n": 300
    },
    "d/4": {
      "mean_cos": 0.8214761730531851,
      "mean_deff": 32.0,
      "vs_tq": -0.022801806926727286,
      "n": 300
    },
    "d/2": {
      "mean_cos": 0.8189121994872888,
      "mean_deff": 64.0,
      "vs_tq": -0.025365780492623613,
      "n": 300
    }
  },
  "Llama-3.1-8B-Instruct": {
    "tq_mean": 0.9432996388773124,
    "best_deff": "participation_ratio",
    "best_delta": -0.008398110469182374,
    "participation_ratio": {
      "mean_cos": 0.93490152840813,
      "mean_deff": 3.3,
      "vs_tq": -0.008398110469182374,
      "n": 1200
    },
    "cumvar_90": {
      "mean_cos": 0.9115768805642923,
      "mean_deff": 42.65,
      "vs_tq": -0.03172275831302007,
      "n": 1200
    },
    "cumvar_95": {
      "mean_cos": 0.9184694449603558,
      "mean_deff": 64.825,
      "vs_tq": -0.024830193916956622,
      "n": 1200
    },
    "cumvar_99": {
      "mean_cos": 0.9303447298705578,
      "mean_deff": 99.15,
      "vs_tq": -0.012954909006754556,
      "n": 1200
    },
    "d/8": {
      "mean_cos": 0.9071392140289147,
      "mean_deff": 16.0,
      "vs_tq": -0.036160424848397654,
      "n": 1200
    },
    "d/4": {
      "mean_cos": 0.90755806128184,
      "mean_deff": 32.0,
      "vs_tq": -0.03574157759547236,
      "n": 1200
    },
    "d/2": {
      "mean_cos": 0.9192319225768248,
      "mean_deff": 64.0,
      "vs_tq": -0.02406771630048754,
      "n": 1200
    }
  }
}