{
  "keys": {
    "mean_d_eff": 35.18859328542437,
    "min_d_eff": 16.65306854248047,
    "max_d_eff": 59.885826110839844,
    "median_d_eff": 35.22034454345703,
    "mean_kappa": 1.0405346176454,
    "median_kappa": 1.0298544764518738,
    "pct_kappa_gt5": 0.0,
    "pct_kappa_gt10": 0.0
  },
  "values": {
    "mean_d_eff": 56.65463628087725,
    "min_d_eff": 26.597326278686523,
    "max_d_eff": 82.13475799560547,
    "median_d_eff": 59.44214057922363,
    "mean_kappa": 1.0139495730400085,
    "median_kappa": 1.0121322870254517,
    "pct_kappa_gt5": 0.0,
    "pct_kappa_gt10": 0.0
  }
}