{
  "model": "Qwen/Qwen2.5-1.5B-Instruct",
  "short_name": "Qwen-1.5B-realq-small-1bitcore",
  "coverage": {
    "n_calib": 8,
    "n_eval": 4,
    "seq_len": 512,
    "layer_mode": "sampled",
    "head_mode": "sampled",
    "max_cached_vectors": 256,
    "coverage_preset": "small"
  },
  "query_capture": {
    "mode": "true_model_queries",
    "head_mapping": "first_query_head_per_kv_group",
    "attention_mode": "causal_self_attention"
  },
  "configs": {
    "1bit-K_3bit-V": {
      "attn_cos_sim": 0.4363829667369525,
      "attn_cos_sim_std": 0.19861484805362176,
      "key_cos_sim": 0.9062935908635458,
      "val_cos_sim": 0.8254336913426717,
      "key_bits": 144,
      "val_bits": 400,
      "total_bits": 544,
      "total_compress": 7.529411764705882,
      "n_evals": 6
    },
    "1bit-K_4bit-V": {
      "attn_cos_sim": 0.47968902190526325,
      "attn_cos_sim_std": 0.18598941169446778,
      "key_cos_sim": 0.9062935908635458,
      "val_cos_sim": 0.8687977194786072,
      "key_bits": 144,
      "val_bits": 528,
      "total_bits": 672,
      "total_compress": 6.095238095238095,
      "n_evals": 6
    },
    "1bit-K_5bit-V": {
      "attn_cos_sim": 0.5087136526902517,
      "attn_cos_sim_std": 0.2049756014656585,
      "key_cos_sim": 0.9062935908635458,
      "val_cos_sim": 0.9365533093611399,
      "key_bits": 144,
      "val_bits": 656,
      "total_bits": 800,
      "total_compress": 5.12,
      "n_evals": 6
    },
    "1bit-K_6bit-V": {
      "attn_cos_sim": 0.5249765266974767,
      "attn_cos_sim_std": 0.19193184629905366,
      "key_cos_sim": 0.9062935908635458,
      "val_cos_sim": 0.9689570963382721,
      "key_bits": 144,
      "val_bits": 784,
      "total_bits": 928,
      "total_compress": 4.413793103448276,
      "n_evals": 6
    },
    "uniform-3bit": {
      "attn_cos_sim": 0.45800502101580304,
      "attn_cos_sim_std": 0.19474016746381387,
      "key_cos_sim": 0.9064196844895681,
      "val_cos_sim": 0.8254336913426717,
      "key_bits": 400,
      "val_bits": 400,
      "total_bits": 800,
      "total_compress": 5.12,
      "n_evals": 6
    }
  }
}